pid,label,label_en,label_es,section,genre,claimed_genre_en,claimed_genre_es,link,access,status,language,creators,stewards,blurb_orig,blurb_en,blurb_es,related_to,open_data,added_by,twitter,census_year,notes,order,layout,collection,thumbnail,full
pub2000,archipelagos journal,,Revista archipelagos,Periodicals & Blogs,Journals,an academic journal,una revista acad√©mica,http://archipelagosjournal.org/,open,Active,"en,fr,es","Kaiama Glover, Alex Gil",Columbia University Library,"<em>archipelagos</em> is a born-digital, peer-reviewed publication devoted to creative exploration, debate, and critical thinking about and through digital practices in contemporary scholarly and artistic work in and on the Caribbean. Given the wide implications of the ‚Äúdigital turn‚Äù for our very conceptions of knowledge, our mission is to discern the ways in which the digital may enhance and transform our comprehension of the regional and diasporic Caribbean. archipelagos responds to this challenge with three distinct dimensions of critical production: scholarly essays; digital scholarship projects; and digital project reviews.","<em>archipelagos</em> is a born-digital, peer-reviewed publication devoted to creative exploration, debate, and critical thinking about and through digital practices in contemporary scholarly and artistic work in and on the Caribbean. Given the wide implications of the ‚Äúdigital turn‚Äù for our very conceptions of knowledge, our mission is to discern the ways in which the digital may enhance and transform our comprehension of the regional and diasporic Caribbean. archipelagos responds to this challenge with three distinct dimensions of critical production: scholarly essays; digital scholarship projects; and digital project reviews.","<em>archipelagos</em> es una publicaci√≥n nacida en linea de revisi√≥n por pares dedicada a la exploraci√≥n, debate y el pensamiento cr√≠tico creativo sobre y a trav√©s las pr√°cticas digitales en el trabajo acad√©mico y art√≠stico contempor√°neo en el Caribe. Dadas las multiples implicaciones del &quot;giro digital&quot; para nuestras concepciones del conocimiento, nuestra misi√≥n es discernir las formas en que lo digital puede mejorar y transformar nuestra comprensi√≥n del Caribe regional y di√°sporo. <em>archipelagos</em> responde a este desaf√≠o con tres dimensiones distintas de la producci√≥n cr√≠tica: ensayos acad√©micos; proyectos digitales; y rese√±as de proyectos digitales.",,,Alex Gil,@elotroalex,2020,,0,caridischo_item,publications,/img/derivatives/simple/pub2000/thumbnail.jpg,/img/derivatives/simple/pub2000/fullwidth.jpg
pub2001,#ADPhD,,,Periodicals & Blogs,Blogs,a curated blog,un blog curado,https://africandiasporaphd.com/,open,Active,en,Jessica Marie Johnson,,"<em>African Diaspora, Ph.D.</em> is a curated blog highlighting scholarship and scholars in the field of Atlantic African Diaspora history.","<em>African Diaspora, Ph.D.</em> is a curated blog highlighting scholarship and scholars in the field of Atlantic African Diaspora history.","<em>African Diaspora, Ph.D.</em> (Di√°spora africana, Ph.D.) es un blog curado que destaca a los acad√©micos y su investigaci√≥n en el campo de la historia de la di√°spora africana del Atl√°ntico.",,,Alex Gil,@elotroalex,2020,,1,caridischo_item,publications,/img/derivatives/simple/pub2001/thumbnail.jpg,/img/derivatives/simple/pub2001/fullwidth.jpg
pub2002,Arquitectura de la necesidad,Arquitecture of necessity,Arquitectura de la necesidad,Periodicals & Blogs,Blogs,a blog,un blog,http://architectureofnecessity.com/,open,Archived,es,Ernesto Oroza,,Architecture of Necessity is a concept with a double function. It initially operates as a descriptive and austere term in its rhetorical value that points to an architecture of urgency and precariousness. Its second and most important function is metaphorical: it enunciates an architecture that is its own diagram.,Architecture of Necessity is a concept with a double function. It initially operates as a descriptive and austere term in its rhetorical value that points to an architecture of urgency and precariousness. Its second and most important function is metaphorical: it enunciates an architecture that is its own diagram.,La arquitectura de la necesidad es un concepto con una doble funci√≥n. Inicialmente funciona como un t√©rmino descriptivo y austero en su valor ret√≥rico que apunta a una arquitectura de urgencia y precariedad. Su segunda y m√°s importante funci√≥n es metaf√≥rica: enuncia una arquitectura que es su propio diagrama.,,,,,2020,,2,caridischo_item,publications,/img/derivatives/simple/pub2002/thumbnail.jpg,/img/derivatives/simple/pub2002/fullwidth.jpg
pub2003,Age of Revolutions,,Era de revoluciones,Periodicals & Blogs,Journals,"an open-access, peer-reviewed academic journal",una revista acad√©mica de acceso abierto y revisada por pares,https://ageofrevolutions.com/,open,Active,en,"Bryan Banks, Cindy Ermus",,"The word ‚Äúrevolution‚Äù is a human tool. At any point in time, its meaning has shifted to accommodate those wielding it. By establishing a site like this ‚Äî Age of Revolutions ‚Äî we are participating in the humanities, surveying revolutionary changes in history, encouraging the comparative study of revolutions, and exploring the hopes imbued in the term ‚Äúrevolution.‚Äù","The word ‚Äúrevolution‚Äù is a human tool. At any point in time, its meaning has shifted to accommodate those wielding it. By establishing a site like this ‚Äî Age of Revolutions ‚Äî we are participating in the humanities, surveying revolutionary changes in history, encouraging the comparative study of revolutions, and exploring the hopes imbued in the term ‚Äúrevolution.‚Äù","La palabra &quot;revoluci√≥n&quot; es una herramienta humana. Su significado ha cambiado con el tiempo para acomodar a quienes la utilizan. Al establecer un sitio como &quot;Edad de revoluciones&quot;, participamos en las humanidades a traves del estudio de los cambios revolucionarios en la historia, el estudio comparativo de las revoluciones y la exploraci√≥n de las esperanzas imbuidas en el t√©rmino &quot;revoluci√≥n&quot;.",,,,,2020,,3,caridischo_item,publications,/img/derivatives/simple/pub2003/thumbnail.jpg,/img/derivatives/simple/pub2003/fullwidth.jpg
pub2004,Beyond the Sugar Curtain,,M√°s all√° de la cortina de az√∫car,Periodicals & Blogs,Journals,a project,un proyecto,https://www.brown.edu/research/projects/tracing-cuba-us-connections/home-inicio,open,Active,"en,es",Jennifer Lambe,Brown University,"&quot;Sugar curtain&quot;: the term‚Äôs provenance is something of a mystery. It is hard to discern if anyone really coined it; no one quite owns it. Yet the euphemism has persisted for decades, glossing the antagonism that has characterized Cuba-U.S. relations since Cuba‚Äôs 1959 Revolution and the human impact of that divide.","&quot;Sugar curtain&quot;: the term‚Äôs provenance is something of a mystery. It is hard to discern if anyone really coined it; no one quite owns it. Yet the euphemism has persisted for decades, glossing the antagonism that has characterized Cuba-U.S. relations since Cuba‚Äôs 1959 Revolution and the human impact of that divide.","&quot;El tel√≥n de az√∫car&quot;: el origen de esta frase sigue siendo un misterio. No sabemos exactamente qui√©n lo acu√±√≥; no pertenece a nadie. Pero a√∫n as√≠ el eufemismo ha persistido durante d√©cadas, refiri√©ndose al antagonismo que ha caracterizado las relaciones entre Cuba y los Estados Unidos a partir de la Revoluci√≥n Cubana de 1959, y tambi√©n al impacto humano de esta divisi√≥n.",,,Roopika Risam,@roopikarisam,2020,,4,caridischo_item,publications,/img/derivatives/simple/pub2004/thumbnail.jpg,/img/derivatives/simple/pub2004/fullwidth.jpg
pub2005,A Boricua Abroad,,Un boricua en el extranjero,Periodicals & Blogs,Blogs,a blog,un blog,https://aboricuaabroad.wordpress.com/,open,Stable,en,Jennifer Caroccio,,"Jennifer Caroccio is a doctoral student in the American Studies Program at Rutgers-University-Newark. Her research interests are in U.S. Latin@ culture & literature, folktales, and graphic novels. Employing Women of Color Feminist, Postcolonial, and Critical Race theories, she examines issues of racial identity and misogyny in Caribbean and Caribbean-American texts.","Jennifer Caroccio is a doctoral student in the American Studies Program at Rutgers-University-Newark. Her research interests are in U.S. Latin@ culture & literature, folktales, and graphic novels. Employing Women of Color Feminist, Postcolonial, and Critical Race theories, she examines issues of racial identity and misogyny in Caribbean and Caribbean-American texts.","Empleando a las mujeres de las teor√≠as feministas, poscoloniales y cr√≠ticas de la raza, este blog examina temas de identidad racial y misoginia en los textos caribe√±os y caribe√±os-estadounidenses.",,,Roopika Risam,@roopikarisam,2020,,5,caridischo_item,publications,/img/derivatives/simple/pub2005/thumbnail.jpg,/img/derivatives/simple/pub2005/fullwidth.jpg
pub2006,Caribbean Review of Gender Studies,,Revista de estudios de g√©nero del Caribe,Periodicals & Blogs,Journals,an academic journal,una revista acad√©mica,https://sta.uwi.edu/crgs/,open,Active,en,Institute for Gender and Development Studies,UWI St. Augustine,"The <em>Caribbean Review of Gender Studies</em> stimulates cross-cultural exchanges among Caribbean peoples within the region, those in the Caribbean Diaspora, as well as those who bring a comparative perspective to bear on Caribbean gender and feminist concerns. The journal is established around an identity and voice emanating from Caribbean realities of power in gender, sexualities, ethnicity and class relations, and their effects. The journal welcomes critical disciplinary or multi-disciplinary scholarly articles and creative contributions that broaden networks and enhance the global understanding and reach of Caribbean feminist theory and praxis.","The <em>Caribbean Review of Gender Studies</em> stimulates cross-cultural exchanges among Caribbean peoples within the region, those in the Caribbean Diaspora, as well as those who bring a comparative perspective to bear on Caribbean gender and feminist concerns. The journal is established around an identity and voice emanating from Caribbean realities of power in gender, sexualities, ethnicity and class relations, and their effects. The journal welcomes critical disciplinary or multi-disciplinary scholarly articles and creative contributions that broaden networks and enhance the global understanding and reach of Caribbean feminist theory and praxis.","La <em>Caribbean Review of Gender Studies</em> (Revista caribe√±a de estudios de g√©nero) estimula los intercambios interculturales entre los pueblos caribe√±os dentro de la regi√≥n, los de la di√°spora caribe√±a, as√≠ como los que traen una perspectiva comparativa para responder a cuestiones de g√©nero y feminismo del Caribe. La revista se establece en torno a una identidad y voz que emana de las realidades del poder relacionadas con el g√©nero, las sexualidades, la etnicidad y las relaciones de clase y sus efectos en el Caribe. La revista acoge con satisfacci√≥n art√≠culos acad√©micos disciplinarios o multidisciplinarios cr√≠ticos y contribuciones creativas que ampl√≠an las redes y mejoran la comprensi√≥n global y el alcance de la teor√≠a feminista y la praxis del Caribe.",,,Alex Gil,@elotroalex,2020,,6,caridischo_item,publications,/img/derivatives/simple/pub2006/thumbnail.jpg,/img/derivatives/simple/pub2006/fullwidth.jpg
pub2007,Cuba Counterpoints,,Contrapuntos de Cuba,Periodicals & Blogs,Journals,a journal,una revista,http://cubacounterpoints.com/,open,Archived,en,Ariana Hernandez-Reguant,Ariana H-R / Alan West-Duran,"<em>Cuban Counterpoints</em> is the public face of a scholarly community. It is a project linked to EthnoCuba, a network/group of Cubanist academics that includes residents from over fifteen countries, including Cuba and the United States.","<em>Cuban Counterpoints</em> is the public face of a scholarly community. It is a project linked to EthnoCuba, a network/group of Cubanist academics that includes residents from over fifteen countries, including Cuba and the United States.","<em>Cuban Counterpoints</em> (Contrapuntos cubanos) es la cara p√∫blica de una comunidad acad√©mica. Es un proyecto vinculado a Etnocuba, una red/grupo de acad√©micos cubanistas que incluye a los residentes de m√°s de quince pa√≠ses, incluidos Cuba y los Estados Unidos.",,,Ariana Hernandez-Reguant,,2020,üíú,7,caridischo_item,publications,/img/derivatives/simple/pub2007/thumbnail.jpg,/img/derivatives/simple/pub2007/fullwidth.jpg
pub2008,Haitian History Blog,,Blog de historia haitiana,Periodicals & Blogs,Blogs,a blog,un blog,https://haitianhistory.tumblr.com/,open,Active,en,,,"Welcome to the <em>Haitian History Blog</em>, a space dedicated to discussions on Haiti‚Äôs political history. &quot;Political history&quot; here can be understood in a broad sense, one that encompasses questions relating to society, governance, intellectual history and foreign relations forged between Haiti and its neighbours in the Americas.","Welcome to the <em>Haitian History Blog</em>, a space dedicated to discussions on Haiti‚Äôs political history. &quot;Political history&quot; here can be understood in a broad sense, one that encompasses questions relating to society, governance, intellectual history and foreign relations forged between Haiti and its neighbours in the Americas.","Bienvenido al <em>Blog de la historia haitiana</em>, un espacio dedicado a las discusiones sobre la historia pol√≠tica de Hait√≠. La &quot;historia pol√≠tica&quot; aqu√≠ puede entenderse en un sentido amplio, uno que abarca cuestiones relacionadas con la sociedad, la gobernanza, la historia intelectual y las relaciones exteriores forjadas entre Hait√≠ y sus vecinos en las Am√©ricas.",,,,,2020,,8,caridischo_item,publications,/img/derivatives/simple/pub2008/thumbnail.jpg,/img/derivatives/simple/pub2008/fullwidth.jpg
pub2009,Manioc Blog,,,Periodicals & Blogs,Blogs,a blog,un blog,http://manioc-blog.blogspot.com/,open,Active,fr,,,"Digital library of the Caribbean, Amazonia, Guyana","Digital library of the Caribbean, Amazonia, Guyana","Biblioteca digital del Caribe, Amazonia y Guyana.",,,,,2020,,9,caridischo_item,publications,/img/derivatives/simple/pub2009/thumbnail.jpg,/img/derivatives/simple/pub2009/fullwidth.jpg
pub2010,Plenamar,Full tide,,Periodicals & Blogs,Magazines,an online cultural magazine,una revista cultural en l√≠nea,https://plenamar.do/,open,Active,es,"Minerva del Risco,Rafael Emilio Yun√©n, Fausto Rosario, Jos√© M√°rmol, Jochy Herrera",Acento.com.do,"Published weekly, Plenamar is a Dominican-based online magazine focused on local and international cultural production.","Published weekly, Plenamar is a Dominican-based online magazine focused on local and international cultural production.","Publicado semanalmente, <em>Plenamar</em> es una revista en l√≠nea basada en Rep√∫blica Dominicana centrada en la producci√≥n cultural local e internacional.",,,,,2020,,10,caridischo_item,publications,/img/derivatives/simple/pub2010/thumbnail.jpg,/img/derivatives/simple/pub2010/fullwidth.jpg
pub2011,Latino Genealogy & Beyond: diasporic journeys across time and space,,Genealog√≠a latina y m√°s: viajes di√°sp√≥ricos a lo largo del tiempo y el espacio,Periodicals & Blogs,Blogs,blogs,blogs,https://latinogenealogyandbeyond.com,open,Active,en,Ellen Fernandez-Sacco,,"Mabrika! Join me, Ellen Fernandez-Sacco as I research ancestors and discuss genealogy research with a Caribbean focus.","Mabrika! Join me, Ellen Fernandez-Sacco as I research ancestors and discuss genealogy research with a Caribbean focus.","¬°Mabrika! √önete a m√≠, Ellen Fern√°ndez-Sacco, mientras investigo a los antepasados ‚Äã‚Äãy discuto la investigaci√≥n de la genealog√≠a con un enfoque caribe√±o.",,,Ellen Fernandez-Sacco,@efsacco,2020,,11,caridischo_item,publications,/img/derivatives/simple/pub2011/thumbnail.jpg,/img/derivatives/simple/pub2011/fullwidth.jpg
pub2012,sx salon,,sal√≥n sx,Periodicals & Blogs,Journals,a journal,un diario,http://smallaxe.net/sxsalon,open,Active,en,Kelly Baker Josephs,Small Axe,"Our digital forum for innovative critical and creative explorations of Caribbean literature, broadly defined. Caribbean creative writing has always wrestled with the idea of an aesthetic form that engages regional and diasporic understandings of our changing realities. As a forum, sx salon aims to stimulate these sensibilities and preoccupations across different literary genres. Initiated in 2010, sx salon appears three times per year (February, June, and October). We publish literary discussions, interviews with writers, reviews of new publications (creative and scholarly), and poetry and prose by Caribbean writers.","Our digital forum for innovative critical and creative explorations of Caribbean literature, broadly defined. Caribbean creative writing has always wrestled with the idea of an aesthetic form that engages regional and diasporic understandings of our changing realities. As a forum, sx salon aims to stimulate these sensibilities and preoccupations across different literary genres. Initiated in 2010, sx salon appears three times per year (February, June, and October). We publish literary discussions, interviews with writers, reviews of new publications (creative and scholarly), and poetry and prose by Caribbean writers.","Nuestro foro digital para exploraciones cr√≠ticas y creativas innovadoras de la literatura caribe√±a, ampliamente definida. La escritura creativa del Caribe siempre ha luchado con la idea de una forma est√©tica que involucra a los entendimientos regionales y di√°sp√≥ricos de nuestras realidades cambiantes. Como foro, sx salon apunta a estimular estas sensibilidades y preocupaciones en diferentes g√©neros literarios. Iniciado en 2010, sx salon aparece tres veces al a√±o (febrero, junio y octubre). Publicamos discusiones literarias, entrevistas con escritores, revisiones de nuevas publicaciones (creativas y acad√©micas), y poes√≠a y prosa de los escritores del Caribe.",,,Alex Gil,@elotroalex,2020,,12,caridischo_item,publications,/img/derivatives/simple/pub2012/thumbnail.jpg,/img/derivatives/simple/pub2012/fullwidth.jpg
pub2013,Le Passe-Temps,The Hobby,El pasatiempo,Periodicals & Blogs,Blogs,a blog,un blog,https://tanlistwa.com/,open,Active,"en,fr",Jessica Pierre-Louis,,"Beyond the services I offer on <em>Tan Listwa</em>, I wanted to share my research on the history and heritage of the Caribbean through my own discoveries: the pleasure of getting hold of an unknown archive, the excitement of discovering a story, the jubilation of reading between the lines, the frenzy of data accumulation and analysis, the satisfaction of better understanding the human past. So I created the blog <em>Le Passe-temps</em>: a space to exchange cool web links, to tell you historical anecdotes, to marvel at archives and heritage, to know our ancestors and not to forget their history.","Beyond the services I offer on <em>Tan Listwa</em>, I wanted to share my research on the history and heritage of the Caribbean through my own discoveries: the pleasure of getting hold of an unknown archive, the excitement of discovering a story, the jubilation of reading between the lines, the frenzy of data accumulation and analysis, the satisfaction of better understanding the human past. So I created the blog <em>Le Passe-temps</em>: a space to exchange cool web links, to tell you historical anecdotes, to marvel at archives and heritage, to know our ancestors and not to forget their history.","M√°s all√° de los servicios que ofrezco en <em>Tan Listwa</em>, quer√≠a compartir mi investigaci√≥n sobre la historia y el patrimonio del Caribe a trav√©s de mis propios descubrimientos: el placer de hacerme con un archivo desconocido, la emoci√≥n de descubrir una historia, el j√∫bilo de leer entre las l√≠neas, el frenes√≠ de la acumulaci√≥n y el an√°lisis de datos, la satisfacci√≥n de comprender mejor el pasado humano. As√≠ que cre√© el blog </em>Le Passe-temps</em>: un espacio para intercambiar interesantes enlaces web, contarte an√©cdotas hist√≥ricas, maravillarte con los archivos y el patrimonio, conocer a nuestros antepasados ‚Äã‚Äãy no olvidar su historia.",,,,,2020,,13,caridischo_item,publications,/img/derivatives/simple/pub2013/thumbnail.jpg,/img/derivatives/simple/pub2013/fullwidth.jpg
pub2014,Repeating Islands,,Las islas que se repiten,Periodicals & Blogs,Blogs,a blog,un blog,https://repeatingislands.com/,open,Active,en,"Ivette Romero-Cesareo, Lisa Paravisini-Gebert",,"News and commentary on Caribbean culture, literature, and the arts","News and commentary on Caribbean culture, literature, and the arts","Noticias y comentarios sobre la cultura del Caribe, la literatura y las artes.",,,Roopika Risam,@roopikarisam,2020,,14,caridischo_item,publications,/img/derivatives/simple/pub2014/thumbnail.jpg,/img/derivatives/simple/pub2014/fullwidth.jpg
pub2015,The Public Archive,,El archivo p√∫blico,Periodicals & Blogs,Blogs,a blog,un blog,https://thepublicarchive.com,open,Active,en,Peter Hudson,,"In light of this obliteration of history, The Public Archive was initiated to serve as an accessible clearinghouse of historical essays, archival sources, and informed contemporary journalism on Haiti. The Public Archive compiles links to documents freely accessible through the digital collections of libraries and repositories as well as open-access online periodicals, academic journals and newspapers.","In light of this obliteration of history, The Public Archive was initiated to serve as an accessible clearinghouse of historical essays, archival sources, and informed contemporary journalism on Haiti. The Public Archive compiles links to documents freely accessible through the digital collections of libraries and repositories as well as open-access online periodicals, academic journals and newspapers.","A la luz de la perdida de documentos historicos, se inici√≥ el archivo p√∫blico para servir como un reclamo accesible de ensayos hist√≥ricos, fuentes de archivo e inform√≥ el periodismo contempor√°neo en Hait√≠. El archivo p√∫blico recopila enlaces a documentos de forma gratuita a trav√©s de las colecciones digitales de bibliotecas y repositorios, as√≠ como publicaciones peri√≥dicas en l√≠nea de acceso abierto, revistas acad√©micas y peri√≥dicos.",,,Kaiama L. Glover,@inthewhirld,2020,,15,caridischo_item,publications,/img/derivatives/simple/pub2015/thumbnail.jpg,/img/derivatives/simple/pub2015/fullwidth.jpg
pub2016,ARC Magazine,,Revista ARC,Periodicals & Blogs,Magazines,an art magazine,una revista de arte,http://arcthemagazine.com/arc/home/,open,Defunct,en,Holly Bynoe,,"ARC Magazine is a non-profit print and online publication and social platform launched in 2011. It seeks to fill a certain void by offering a critical space for contemporary artists to present their work while fostering and developing critical dialogues and opportunities for crucial points of exchange, scholarship and study. ARC is an online and social space of interaction with a developed methodology of sharing information about contemporary practices, exhibitions, partnerships, and opportunities occurring in the Caribbean region and throughout its diasporas.","ARC Magazine is a non-profit print and online publication and social platform launched in 2011. It seeks to fill a certain void by offering a critical space for contemporary artists to present their work while fostering and developing critical dialogues and opportunities for crucial points of exchange, scholarship and study. ARC is an online and social space of interaction with a developed methodology of sharing information about contemporary practices, exhibitions, partnerships, and opportunities occurring in the Caribbean region and throughout its diasporas.","ARC Magazine (Revista ARC) es una publicaci√≥n en l√≠nea y una plataforma social sin fines de lucro y la plataforma social lanzada en 2011. Busca llenar un cierto vac√≠o al ofrecer un espacio cr√≠tico para que los artistas contempor√°neos presenten su trabajo mientras fomentan y desarrollan di√°logos cr√≠ticos y oportunidades para los puntos de intercambio cruciales, y estudio. ARC es un espacio de interacci√≥n en l√≠nea y social con una metodolog√≠a desarrollada de compartir informaci√≥n sobre pr√°cticas contempor√°neas, exposiciones, asociaciones y oportunidades que ocurren en la regi√≥n del Caribe y en toda su di√°sporas.",,,Alex Gil,@elotroalex,2021,,16,caridischo_item,publications,/img/derivatives/simple/pub2016/thumbnail.jpg,/img/derivatives/simple/pub2016/fullwidth.jpg
pub2017,Indigenous Caribbean Center,,Centro del Caribe Ind√≠gena,Periodicals & Blogs,Journals,information,informaci√≥n,https://indigenouscaribbean.wordpress.com/articles/issues-in-indigenous-caribbean-studies/,open,Active,en,Indigenous Caribbean Center ,Indigenous Caribbean Center ,"The Indigenous Caribbean Center was formerly, for 10 years, the Caribbean Amerindian Centrelink. As part of its 10th anniversary, a renaming and restructuring of the site took place, to better reflect contemporary meanings and indigenous self-representations in the region and its diaspora, to allow for greater collaboration among the contributors to the site, and to permit users to post comments and questions on each page and article in the site. ","The Indigenous Caribbean Center was formerly, for 10 years, the Caribbean Amerindian Centrelink. As part of its 10th anniversary, a renaming and restructuring of the site took place, to better reflect contemporary meanings and indigenous self-representations in the region and its diaspora, to allow for greater collaboration among the contributors to the site, and to permit users to post comments and questions on each page and article in the site. ","El Centro del Caribe Ind√≠gena era anteriormente, durante 10 a√±os, el Centrelink Amerindio del Caribe. Como parte de su d√©cimo aniversario, se realiz√≥ un cambio de nombre y reestructuraci√≥n del sitio, para reflejar mejor los significados contempor√°neos y las autorrepresentaciones ind√≠genas en la regi√≥n y su di√°spora, y para permitir una mayor colaboraci√≥n entre los contribuyentes del sitio, y para permitir a los usuarios.",,,Katerina Gonzalez Seligmann,@malamanuense,2021,,17,caridischo_item,publications,/img/derivatives/simple/pub2017/thumbnail.jpg,/img/derivatives/simple/pub2017/fullwidth.jpg
pub2018,The Caribbean Commons,,La Comuna Caribe,Periodicals & Blogs,Blogs,a blog,un blog,https://caribbean.commons.gc.cuny.edu/,open,Active,en,Kelly Baker Josephs,CUNY,"Begun in 2010 as part of the Caribbean Epistemologies Seminar at the CUNY Graduate Center, the Caribbean Commons publishes announcements of Caribbean Studies CFPs and publications, as well as Caribbean-related events in the Northeast US. It also archives information from the CE Seminar, 2010-12.","Begun in 2010 as part of the Caribbean Epistemologies Seminar at the CUNY Graduate Center, the Caribbean Commons publishes announcements of Caribbean Studies CFPs and publications, as well as Caribbean-related events in the Northeast US. It also archives information from the CE Seminar, 2010-12.","Comenzando en el 2010 como parte del Seminario de Epistemolog√≠as del Caribe en el Centro de Graduados de CUNY, la Comuna Caribe publica anuncios, llamados y publicaciones de los estudios del Caribe, as√≠ como eventos relacionados con el Caribe en el noreste de los Estados Unidos. Tambi√©n archiva informaci√≥n del Seminario EC, 2010‚Äì12.",,,Alex Gil,@elotroalex,2020,,18,caridischo_item,publications,/img/derivatives/simple/pub2018/thumbnail.jpg,/img/derivatives/simple/pub2018/fullwidth.jpg
pub2100,The Caribbean Review of Books,,Revista de libros del Caribe,Periodicals & Blogs,Journals,a journal,una revista,http://caribbeanreviewofbooks.com/,open,Stable,en,Nicholas Laughlin,Nicholas Laughlin,"The Caribbean Review of Books (CRB) is an online magazine covering Caribbean literature and arts. We focus on reviews of new and recent books of Caribbean fiction, poems, biography, arts, culture, and current affairs, but the CRB also publishes new writing, interviews, and essays on literature and culture. The CRB is currently on indefinite hiatus and not actively publishing new material.","The Caribbean Review of Books (CRB) is an online magazine covering Caribbean literature and arts. We focus on reviews of new and recent books of Caribbean fiction, poems, biography, arts, culture, and current affairs, but the CRB also publishes new writing, interviews, and essays on literature and culture. The CRB is currently on indefinite hiatus and not actively publishing new material.","Revista en l√≠nea que abarca la literatura y las artes del Caribe. La revista se enfoca en las revisiones de libros nuevos y recientes de la ficci√≥n, poemas, biograf√≠a, artes, cultura y asuntos actuales en el Caribe. La CRB tambi√©n publica nuevas escrituras, entrevistas y ensayos sobre literatura y cultura. La CRB se encuentra actualmente en pausa indefinida y no publica activamente material nuevo.",,,Kelly Baker Josephs,@kbjosephs,2021,,19,caridischo_item,publications,/img/derivatives/simple/pub2100/thumbnail.jpg,/img/derivatives/simple/pub2100/fullwidth.jpg
pub2101,PREE,,,Periodicals & Blogs,Journals,a journal,una revista,https://preelit.com/,open,Active,en,"Annie Paul, Diana McCaulay, Isis Semaj-Hall",,"<em>PREE</em> is a unique online magazine for new contemporary writing from and about the Caribbean. We publish original works of fiction, non-fiction, poetry, essays, interviews and experimental writing, giving our authors international visibility far beyond the islands.","<em>PREE</em> is a unique online magazine for new contemporary writing from and about the Caribbean. We publish original works of fiction, non-fiction, poetry, essays, interviews and experimental writing, giving our authors international visibility far beyond the islands.","<em>PREE</em> es una revista en linea √∫nica dedicada a la literatura contempor√°nea desde y sobre el Caribe. Publicamos obras originales de ficci√≥n, no ficci√≥n, poes√≠a, ensayos, entrevistas y escritura experimental, dando a nuestros autores visibilidad internacional m√°s all√° de las islas.",,,Kelly Baker Josephs,@kbjosephs,2021,,20,caridischo_item,publications,/img/derivatives/simple/pub2101/thumbnail.jpg,/img/derivatives/simple/pub2101/fullwidth.jpg
pub2102,Journal of West Indian Literature,,Revista acad√©mica de literatura del Caribe angl√≥fono,Periodicals & Blogs,Journals,a journal,una revista,https://www.jwilonline.org/,private,Active,en,,University of the West Indies,"<em>The Journal of West Indian Literature</em> has been published twice-yearly by Literatures in English, University of the West Indies since 1986. It reflects our continued commitment to provide a regional and extra-regional forum for the dissemination and discussion of Caribbean literary and artistic culture.","<em>The Journal of West Indian Literature</em> has been published twice-yearly by Literatures in English, University of the West Indies since 1986. It reflects our continued commitment to provide a regional and extra-regional forum for the dissemination and discussion of Caribbean literary and artistic culture.","<em>The Journal of West Indian Literature</em> (Revista de literatura del Caribe angl√≥fono) ha sido publicada dos veces al a√±o por el departamento de Literaturas en ingl√©s, University of the West Indies (UWI) desde 1986. Refleja nuestro compromiso continuo para proporcionar un foro regional y extrarregional para la difusi√≥n y discusi√≥n de la cultura literaria y art√≠stica del Caribe.",,,Kelly Baker Josephs,@kbjosephs,2021,,21,caridischo_item,publications,/img/derivatives/simple/pub2102/thumbnail.jpg,/img/derivatives/simple/pub2102/fullwidth.jpg
pub2103,MOKO: Caribbean Arts and Letters,,MOKO: Artes y letras del Caribe,Periodicals & Blogs,Journals,a journal,una revista,http://mokomagazine.org,open,Active,en,Richard Georges and David Knight,,"<em>Moko</em> is a non-profit journal that publishes fiction, poetry, visual arts, and non-fiction essays that reflect a Caribbean heritage or experience. We were founded in 2013 with a goal to create networks with a pan-Caribbean ethos in a way that is also sensitive to our location within the Virgin Islands. We embrace diversity of experience and self-expression. <em>Moko</em> seeks submissions from both established and emerging writers, artists, and scholars. We are interested in work that encourages questioning of our societies and ourselves.","<em>Moko</em> is a non-profit journal that publishes fiction, poetry, visual arts, and non-fiction essays that reflect a Caribbean heritage or experience. We were founded in 2013 with a goal to create networks with a pan-Caribbean ethos in a way that is also sensitive to our location within the Virgin Islands. We embrace diversity of experience and self-expression. <em>Moko</em> seeks submissions from both established and emerging writers, artists, and scholars. We are interested in work that encourages questioning of our societies and ourselves.","<em>Moko</em> es una revista sin fines de lucro que publica ficci√≥n, poes√≠a, artes visuales y ensayos de no ficci√≥n que reflejan una herencia o experiencia del Caribe. Nos fundaron en 2013 con el objetivo de crear redes con un esp√≠ritu pan-caribe√±o y de manera sensible a nuestra ubicaci√≥n dentro de las Islas V√≠rgenes. Abrazamos la diversidad de experiencia y autoexpresi√≥n. <em>Moko</em> busca presentaciones de escritores, artistas y acad√©micos establecidos y emergentes. Estamos interesados ‚Äã‚Äãen el trabajo que fomenta el interrogatorio de nuestras sociedades y a nosotros mismos. ",,,Kelly Baker Josephs,@kbjosephs,2021,,22,caridischo_item,publications,/img/derivatives/simple/pub2103/thumbnail.jpg,/img/derivatives/simple/pub2103/fullwidth.jpg
pub2104,Tout Moun,everybody,Todo el mundo,Periodicals & Blogs,Journals,a journal,una revista,https://journals.sta.uwi.edu/toutmoun/,open,Active,en,,"University of the West Indies, St Augustine","<em>Tout Moun</em> is an open access, peer-reviewed, academic online journal for cutting-edge research in Cultural Studies produced in and about the Caribbean. The journal welcomes research submissions on diverse cultural projects in a broad range of media including critical essays in written format, visual essays (including photographs, drawings, videos and paintings), book reviews and works of fiction. Published annually <em>Tout Moun</em> is a project initiated by the Department of Liberal Arts at the University of the West Indies, St Augustine Campus, Trinidad and Tobago.","<em>Tout Moun</em> is an open access, peer-reviewed, academic online journal for cutting-edge research in Cultural Studies produced in and about the Caribbean. The journal welcomes research submissions on diverse cultural projects in a broad range of media including critical essays in written format, visual essays (including photographs, drawings, videos and paintings), book reviews and works of fiction. Published annually <em>Tout Moun</em> is a project initiated by the Department of Liberal Arts at the University of the West Indies, St Augustine Campus, Trinidad and Tobago.","<em>Tout Moun</em> (Todo el mundo) es una revista acad√©mica de acceso abierto en l√≠nea, de revisi√≥n por pares, enfocada en la investigaci√≥n de vanguardia en estudios culturales producidos en y sobre el Caribe. La revista acepta las presentaciones de investigaci√≥n en diversos proyectos culturales en una amplia gama de medios, incluidos ensayos cr√≠ticos en formato escrito, ensayos visuales (incluidas fotograf√≠as, dibujos, videos y pinturas), rese√±as de libros y obras de ficci√≥n. Publicado anualmente <em>Tout Moun</em> es un proyecto iniciado por el Departamento de Artes Liberales de la University of the West Indies (UWI), San Agust√≠n Campus, Trinidad y Tobago.",,,Kelly Baker Josephs,@kbjosephs,2021,,23,caridischo_item,publications,/img/derivatives/simple/pub2104/thumbnail.jpg,/img/derivatives/simple/pub2104/fullwidth.jpg