pid,label,label_en,label_es,Section,genre,claimed_genre_en,claimed_genre_es,link,access,status,language,creators,stewards,blurb_orig,blurb_en,blurb_es,related_to,open_data,added_by,twitter,census_year,notes,order,layout,collection,thumbnail,full
won2001,.break .dance: a choreo-essay,,.baile .paso: Un coreo-ensayo,Cabinet of Wonders,Sui Generis,a choreo-essay,un coreo-ensayo,http://smallaxe.net/sxarchipelagos/issue03/parham/parham.html,open,Active,en,Marisa Parham,,".break .dance is a time-based web experience [...]. In thinking through and against the machineries of commercial interface efficacy, this pocket intentionally shows its material and discursive seams. Rooted in a sense of anarchival play, it is designed for multiple engagements, changes over time, and assumes no one will take the same path through.",".break .dance is a time-based web experience [...]. In thinking through and against the machineries of commercial interface efficacy, this pocket intentionally shows its material and discursive seams. Rooted in a sense of anarchival play, it is designed for multiple engagements, changes over time, and assumes no one will take the same path through.",".baile .paso es una experiencia web basada en el tiempo [...]. Al pensar y contra las maquinarias de eficacia de la interfaz comercial, este bolsillo muestra intencionalmente sus costuras materiales y discursivas. Enraizado en un sentido de juego anarchiv√≠stico, est√° dise√±ado para m√∫ltiples compromisos, cambios con el tiempo y asume que nadie tomar√° el mismo camino.",,,Schuyler Esprit,@schuyleresprit,2020,,00,caridischo_item,wonders,/img/derivatives/simple/won2001/thumbnail.jpg,/img/derivatives/simple/won2001/fullwidth.jpg
won2002,Caribbean Literary Heritage,,Herencia literaria del Caribe,Cabinet of Wonders,Sui Generis,a project,un proyecto,https://www.caribbeanliteraryheritage.com/,open,Active,en,"Alison Donnell, et al.",,"Caribbean Literary Heritage is a project funded by the Leverhulme Trust that promotes literary and archival preservation in the Caribbean and the diaspora, as well as bridging connections between the literary past and present with an interest in exploring the new challenges and possibilities of born digital initiatives.","Caribbean Literary Heritage is a project funded by the Leverhulme Trust that promotes literary and archival preservation in the Caribbean and the diaspora, as well as bridging connections between the literary past and present with an interest in exploring the new challenges and possibilities of born digital initiatives.","El patrimonio literario del Caribe es un proyecto financiado por el Fondo Leverhulme que promueve la preservaci√≥n literaria y de archivo en el Caribe y la di√°spora, as√≠ como en los puentes entre el pasado literario y el presente, con inter√©s en explorar los nuevos desaf√≠os y posibilidades de las iniciativas nacidas nacidas digitales.",,,Nadine Zubair,@NadineZubair,2020,,01,caridischo_item,wonders,/img/derivatives/simple/won2002/thumbnail.jpg,/img/derivatives/simple/won2002/fullwidth.jpg
won2003,Coasts in Crisis: Caribbean Arts and Cultures after Hurricanes,,Costas en crisis: Arte y cultura caribe√±as despu√©s de huracanes ,Cabinet of Wonders,Sui Generis,a platform,una plataforma,http://coastsincrisis.net/,open,In Development,"en,es",Charlotte Rogers,University of Virginia,This a digital space that explores the cultural meaning of the hurricane through Caribbean art. It features work from artists who experienced Hurricanes Irma and Mar√≠a in 2017 and gathered at the University of Virginia on September 2019 to present and discuss their work.,This a digital space that explores the cultural meaning of the hurricane through Caribbean art. It features work from artists who experienced Hurricanes Irma and Mar√≠a in 2017 and gathered at the University of Virginia on September 2019 to present and discuss their work.,Este es un espacio digital que explora el significado cultural del hurac√°n a trav√©s del arte caribe√±o. Cuenta con trabajo de artistas que vivieron los huracanes Irma y Mar√≠a en 2017 y se reunieron en la Universidad de Virginia en septiembre de 2019 para presentar y discutir su trabajo.,,,Winnie P√©rez Mart√≠nez,@_wepm,2020,,02,caridischo_item,wonders,/img/derivatives/simple/won2003/thumbnail.jpg,/img/derivatives/simple/won2003/fullwidth.jpg
won2004,Carisealand,,Caribe mar tierra,Cabinet of Wonders,Sui Generis,a digital research project,un proyecto de investigaci√≥n digital,http://archipelagosjournal.org/issue04/esprit-carisealand.html,open,In Development,en,Schuyler Esprit,,"The Carisealand (Caribbean Sea and Land) digital research project, launched in 2015 by scholar, teacher, and activist Schuyler K Esprit, provides an interactive framework within which to imagine a more sustainable way of life for Caribbean people, both in the present day and in the future. The project aims to create awareness around the impact of climate change in the Caribbean region; to initiate and sustain collaborations with scholars and artists in an effort to find solutions to social injustices resulting from climate change activity; and to present models for alternate Caribbean futures.","The Carisealand (Caribbean Sea and Land) digital research project, launched in 2015 by scholar, teacher, and activist Schuyler K Esprit, provides an interactive framework within which to imagine a more sustainable way of life for Caribbean people, both in the present day and in the future. The project aims to create awareness around the impact of climate change in the Caribbean region; to initiate and sustain collaborations with scholars and artists in an effort to find solutions to social injustices resulting from climate change activity; and to present models for alternate Caribbean futures.","El proyecto de investigaci√≥n digital de Carisealand (Caribe Mar y Tierra), lanzado en 2015 por acad√©mica, maestra y activista Schuyler K Esprit, proporciona un marco interactivo dentro del cual se imagina una forma de vida m√°s sostenible para las personas del Caribe, tanto en la actualidad como en el futuro. El objetivo del proyecto debe crear conciencia en torno al impacto del cambio clim√°tico en la regi√≥n del Caribe; iniciar y mantener colaboraciones con acad√©micos y artistas en un esfuerzo por encontrar soluciones a las injusticias sociales resultantes de la actividad del cambio clim√°tico; y presentar modelos para futuros alternativos del Caribe.",,,Kaiama L. Glover,@inthewhirld,2020,,03,caridischo_item,wonders,/img/derivatives/simple/won2004/thumbnail.jpg,/img/derivatives/simple/won2004/fullwidth.jpg
won2005,Dark Laboratory,,Laboratorio Oscuro,Cabinet of Wonders,Sui Generis,a laboratory,un laboratorio,https://www.darklaboratory.com/,open,Active,en," Tao Leigh Goffe, Jeffrey Palmer",,"The Dark Laboratory is an engine for collaboration, design, and study of Black and Indigenous ecologies through creative technology.","The Dark Laboratory is an engine for collaboration, design, and study of Black and Indigenous ecologies through creative technology.","El laboratorio oscuro es un motor de colaboraci√≥n, dise√±o y estudio de ecolog√≠as negras e ind√≠genas a trav√©s de la tecnolog√≠a creativa.",,,Tao Leigh Goffe,@taoleighgoffe,2020,,04,caridischo_item,wonders,/img/derivatives/simple/won2005/thumbnail.jpg,/img/derivatives/simple/won2005/fullwidth.jpg
won2006,dLOC as Data: A Thematic Approach to Caribbean Newspapers,,dLOC como datoss: Un acercamiento tem√°tico a los peri√≥dicos del Caribe,Cabinet of Wonders,Sui Generis,an initiative,una iniciativa,http://dlocasdata.domains.uflib.ufl.edu/,open,In Development,en,"Perry Collins, Hadassah St. Hubert, Miguel Asencio, Jamie Rogers, et al.",Florida International University; University of Florida; Digital Library of the Caribbean,"Funded by the Collections as Data program with support from the Mellon Foundation, this project will enhance access to existing Caribbean newspaper digital collections by making texts available for bulk download to its users. This will facilitate modes of scholarship that depend on access to image and textual data at scale and will enable a new level of access to titles not included in newspaper data resources such as Chronicling America. To meet the needs of the dLOC community for teaching and research, we will demonstrate the potential of newspaper data by creating a pilot thematic tool kit focused on hurricanes and tropical cyclones.","Funded by the Collections as Data program with support from the Mellon Foundation, this project will enhance access to existing Caribbean newspaper digital collections by making texts available for bulk download to its users. This will facilitate modes of scholarship that depend on access to image and textual data at scale and will enable a new level of access to titles not included in newspaper data resources such as Chronicling America. To meet the needs of the dLOC community for teaching and research, we will demonstrate the potential of newspaper data by creating a pilot thematic tool kit focused on hurricanes and tropical cyclones.","Financiado por el programa &quot;Collections as Data&quot; (Colecciones como datos) con el apoyo de la Fundaci√≥n Mellon, este proyecto mejorar√° el acceso a las colecciones digitales de los peri√≥dicos del Caribe existentes al hacer que los textos est√©n disponibles para descargar a granel a sus usuarios. Esto facilitar√° los modos de estudio que dependen del acceso a la imagen y los datos textuales a escala y permitir√° un nuevo nivel de acceso a los t√≠tulos no incluidos en los recursos de datos de peri√≥dicos, como Chronicling America. Para satisfacer las necesidades de la comunidad DLOC para la ense√±anza y la investigaci√≥n, demostraremos el potencial de los datos del peri√≥dico al crear un kit de herramientas tem√°ticos piloto enfocado en huracanes y ciclones tropicales.",cur2015,,Perry Collins,@perrycollins,2020,,05,caridischo_item,wonders,/img/derivatives/simple/won2006/thumbnail.jpg,/img/derivatives/simple/won2006/fullwidth.jpg
won2007,Create Caribbean,,Crear Caribe,Cabinet of Wonders,Sui Generis,a digital humanities center,un centro de humanidades digitales,http://createcaribbean.org/create/,open,Active,en,Schuyler Esprit,,"Create Caribbean Inc. aims to develop the creative capacity of youth in Dominica and the Eastern Caribbean through a focus on education and research in the arts, humanities and social sciences. Our goal is to foster a culture of intellectual inquiry, encourage the use of digital technology in academic research, and increase outreach and community participation in the preservation and dissemination of Caribbean history, heritage and other research areas of significance.","Create Caribbean Inc. aims to develop the creative capacity of youth in Dominica and the Eastern Caribbean through a focus on education and research in the arts, humanities and social sciences. Our goal is to foster a culture of intellectual inquiry, encourage the use of digital technology in academic research, and increase outreach and community participation in the preservation and dissemination of Caribbean history, heritage and other research areas of significance.","Crear Caribe, Inc. apunta a desarrollar la capacidad creativa de los j√≥venes en Dominica y el Caribe oriental a trav√©s de un enfoque en la educaci√≥n y la investigaci√≥n en las artes, humanidades y ciencias sociales. Nuestro objetivo es fomentar una cultura de curiosidad intelectual, fomentar el uso de la tecnolog√≠a digital en la investigaci√≥n acad√©mica y aumentar la participaci√≥n de la comunidad en la preservaci√≥n y difusi√≥n de la historia del Caribe, su herencia y otras √°reas de importancia para la investigaci√≥n.",,,Alex Gil,@elotroalex,2020,,06,caridischo_item,wonders,/img/derivatives/simple/won2007/thumbnail.jpg,/img/derivatives/simple/won2007/fullwidth.jpg
won2008,Freedom to Believe,,Libertad para Creer,Cabinet of Wonders,Sui Generis,a project,un proyecto,https://www.freedomtobelieve.info/,open,Active,en,"Diana Paton, et al.",University of Edinburgh,"Welcome to Freedom to Believe, part of a theatre in education project exploring Caribbean social and religious histoires led by Diana Paton and funded by the Arts and Humanities Research Council.","Welcome to Freedom to Believe, part of a theatre in education project exploring Caribbean social and religious histoires led by Diana Paton and funded by the Arts and Humanities Research Council.","Bienvenido a la Libertad de creer, parte de un proyecto de teatro educacional que explora las historias sociales y religiosas del Caribe, dirigido por Diana Paton y financiado por el Consejo de Investigaci√≥n de Artes y Humanidades.",,,Roopika Risam,@roopikarisam,2020,,07,caridischo_item,wonders,/img/derivatives/simple/won2008/thumbnail.jpg,/img/derivatives/simple/won2008/fullwidth.jpg
won2009,In Whispers and Furtive Glances: Assessing Cuban Digital Literacies and (H)ac(k)tivism in Post-Embargo Cuba,,En susurros y miradas furtivas: evaluaci√≥n de las alfabetizaciones digitales cubanas y el (h)ac(k)tivismo en la Cuba posterior al embargo,Cabinet of Wonders,Sui Generis,a project proposal,una propuesta de proyecto,https://marktriana.wixsite.com/whispersandglances,open,In Development,en,Mark Daniel Triana,,"&quot; In Whispers and Furtive Glances&quot; is a prospective digital humanities project that discusses the ways in which Cuban peoples have cultivated a unique and compelling digital presence in the twenty-first century despite the many challenges that have been posed by surveillance, lack of material access, and severe network and hardware limitations.","&quot; In Whispers and Furtive Glances&quot; is a prospective digital humanities project that discusses the ways in which Cuban peoples have cultivated a unique and compelling digital presence in the twenty-first century despite the many challenges that have been posed by surveillance, lack of material access, and severe network and hardware limitations.","&quot;En susurros y miradas furtivas&quot; es un proyecto de humanidades digitales que discute las formas en que los pueblos cubanos han cultivado una presencia digital √∫nica y convincente en el siglo XXI a pesar de los muchos desaf√≠os que se han planteado por la vigilancia, la falta de acceso material y las limitaciones severas de la red y de hardware.",,,Roopika Risam,@roopikarisam,2020,,08,caridischo_item,wonders,/img/derivatives/simple/won2009/thumbnail.jpg,/img/derivatives/simple/won2009/fullwidth.jpg
won2010,In All My Dreams,,En todos mis sue√±os,Cabinet of Wonders,Sui Generis,an exhibit,una exposici√≥n,http://iamdbookclub.com,open,Active,en,"Kaiama L. Glover, Laurent Dubois",Barnard College,"The &quot;In All My Dreams&quot; book club, held from October 2019 to February 2020 was an informal gathering of readers interested in discovering or exploring Haitian culture through the prism of one of Haiti‚Äôs most important works of literary fiction.","The &quot;In All My Dreams&quot; book club, held from October 2019 to February 2020 was an informal gathering of readers interested in discovering or exploring Haitian culture through the prism of one of Haiti‚Äôs most important works of literary fiction.","El club de libros &quot;En todos mis sue√±os&quot;, celebrado de octubre de 2019 hasta febrero de 2020 fue una reuni√≥n informal de lectores interesados ‚Äã‚Äãen descubrir o explorar la cultura haitiana a trav√©s del prisma de una de las obras m√°s importantes de la ficci√≥n literaria de Hait√≠.",,,Kaiama L. Glover,@inthewhirld,2020,üòç,09,caridischo_item,wonders,/img/derivatives/simple/won2010/thumbnail.jpg,/img/derivatives/simple/won2010/fullwidth.jpg
won2011,Guant√°namo Public Memory Project,,Proyecto de memoria p√∫blica de Guant√°namo,Cabinet of Wonders,Sui Generis,a project,un proyecto,https://gitmomemory.org/stories/,open,Active,en,Columbia University Center for the Study of Human Rights,Columbia University Center for the Study of Human Rights,What can we learn from Guant√°namos past? What should we remember about what‚Äôs happening now? Hear from those who were there.,What can we learn from Guant√°namos past? What should we remember about what‚Äôs happening now? Hear from those who were there.,¬øQu√© podemos aprender del pasado de Guant√°namo? ¬øQu√© debemos recordar lo que est√° sucediendo ahora? Escucha de los que estaban all√≠.,,,Roopika Risam,@roopikarisam,2020,,10,caridischo_item,wonders,/img/derivatives/simple/won2011/thumbnail.jpg,/img/derivatives/simple/won2011/fullwidth.jpg
won2012,"Migration, Mobility, Sustainability: NEH Institute for Advanced Topics in the Digital Humanities",,"Migraci√≥n, movilidad, sostenibilidad: Instituto de temas avanzados en Humanidades Digitales del Fondo Nacional para las Humanidades (E.E.U.U.)",Cabinet of Wonders,Sui Generis,an institute,un instituto,http://nehcaribbean.domains.uflib.ufl.edu/,private,Archived,en,"Laurie N. Taylor, Dr. H√©l√®ne Huet, Paul Ortiz, Leah Rosenberg, et al.",University of Florida; Digital Library of the Caribbean,"Funded by the National Endowment for the Humanities, this institute was designed to give participants experience incorporating tools and openly accessible collections for developing a community of practice around digital pedagogy and teaching. Participants convened through in-person and virtual sessions over the course of 2019-2020. This web publication highlights their work and encourages further sharing and collaboration.","Funded by the National Endowment for the Humanities, this institute was designed to give participants experience incorporating tools and openly accessible collections for developing a community of practice around digital pedagogy and teaching. Participants convened through in-person and virtual sessions over the course of 2019-2020. This web publication highlights their work and encourages further sharing and collaboration.","Financiado por la Fondo Nacional para las Humanidades (E.E.U.U.), este Instituto fue dise√±ado para dar a los participantes la experiencia de incorporaci√≥n de herramientas y las colecciones abiertamente accesibles para desarrollar una comunidad de pr√°ctica en torno a la pedagog√≠a digital y la ense√±anza. Los participantes se reunieron a trav√©s de sesiones en persona y virtuales a lo largo del 2019-2020. Esta publicaci√≥n web destaca su trabajo y fomenta a√∫n m√°s el intercambio y la colaboraci√≥n.",,,Perry Collins,@perrycollins,2020,,11,caridischo_item,wonders,/img/derivatives/simple/won2012/thumbnail.jpg,/img/derivatives/simple/won2012/fullwidth.jpg
won2013,Making of Caribbean Feminisms,,Hacer de feminismos caribe√±os,Cabinet of Wonders,Sui Generis,a project,un proyecto,https://sta.uwi.edu/igds/mcf/,open,Stable,en,Institute for Gender and Development Studies,UWI St. Augustine,"This Making of Caribbean Feminisms project is founded on the belief that the impulse to further feminist theorising and activism needs to be transmitted to a younger generation. One of the outcomes has been the creation of a Special Collection on Caribbean Feminisms which is now housed in the West Indiana and Special Collections section and the UWISpace online archives of The UWI Alma Jordan Library, St. Augustine Campus","This Making of Caribbean Feminisms project is founded on the belief that the impulse to further feminist theorising and activism needs to be transmitted to a younger generation. One of the outcomes has been the creation of a Special Collection on Caribbean Feminisms which is now housed in the West Indiana and Special Collections section and the UWISpace online archives of The UWI Alma Jordan Library, St. Augustine Campus","Esta realizaci√≥n de proyectos de feminismos del Caribe se basa en la creencia de que el impulso de una mayor teorizaci√≥n y activismo feminista debe transmitirse a una generaci√≥n m√°s joven. Uno de los resultados ha sido la creaci√≥n de una colecci√≥n especial en los feminismos del Caribe que ahora se encuentra en la secci√≥n West Indiana y colecciones especiales y los archivos UWISpace Online de la Biblioteca Alma Jordan, St. Augustine Campus, UWI.",,,Alex Gil,@elotroalex,2020,,12,caridischo_item,wonders,/img/derivatives/simple/won2013/thumbnail.jpg,/img/derivatives/simple/won2013/fullwidth.jpg
won2014,Mi Mar√≠a,My Maria,,Cabinet of Wonders,Sui Generis,a mass-listening project,un proyecto de escucha masiva,https://mimariapr.org/,open,In Development,en,Ricia Anne Chansky,UPRM,&quot;Mi Mar√≠a: Puerto Rico after the Hurricane&quot; is a mass-listening project that collects and circulates stories of Puerto Ricans who have survived Hurricane Mar√≠a and are trying to survive its aftermaths amidst innumerable humanitarian concerns and social justice issues.,&quot;Mi Mar√≠a: Puerto Rico after the Hurricane&quot; is a mass-listening project that collects and circulates stories of Puerto Ricans who have survived Hurricane Mar√≠a and are trying to survive its aftermaths amidst innumerable humanitarian concerns and social justice issues.,"&quotMi Mar√≠a: Puerto Rico despu√©s del hurac√°n&quot es un proyecto de escucha en masa que recopila y circula historias de puertorrique√±os que han sobrevivido al hurac√°n Mar√≠a, y tratan de sobrevivir a sus consecuencias en medio de innumerables preocupaciones humanitarias y problemas de justicia social.",,,Roopika Risam,@roopikarisam,2020,,13,caridischo_item,wonders,/img/derivatives/simple/won2014/thumbnail.jpg,/img/derivatives/simple/won2014/fullwidth.jpg
won2015,Oliwon Lakarayib,Around the Caribbean,Alrededor del Caribe,Cabinet of Wonders,Sui Generis,une plateforme num√©rique,una plataforma digital,http://oliwonlakarayib.com/,open,Active,fr,Elsa Juston,,"Our digital platform dedicated to the Caribbean. Each month, videos and podcasts in history, geography, humanities and social sciences.","Our digital platform dedicated to the Caribbean. Each month, videos and podcasts in history, geography, humanities and social sciences.","Nuestra plataforma digital dedicada al Caribe. Cada mes, videos y podcasts en historia, geograf√≠a, humanidades y ciencias sociales.",,,,,2020,,14,caridischo_item,wonders,/img/derivatives/simple/won2015/thumbnail.jpg,/img/derivatives/simple/won2015/fullwidth.jpg
won2016,The Work of Man Has Only Just Begun: Legacies of C√©saire,,El Trabajo del hombre acaba de comenzar: Legados de Aim√© C√©saire,Cabinet of Wonders,Sui Generis,a forum and a researchathon,un foro y una investigaci√≥n,https://cesairelegacies.cdrs.columbia.edu/,open,In Disrepair,en,"Kaiama Glover, Alex Gil, Kelly Josephs",Columbia University Libraries,"Poet, statesman, and singular voice of the anti-colonial movements of the 20th century, Aim√© C√©saire continues to influence contemporary discussions of ethics and aesthetics, politics and history in this precariously postcolonial world. In an effort to contribute to C√©saire's living legacy, we have organized an online forum in which four pairs of scholars, from a variety of disciplines, offer reflections along four different critical paths","Poet, statesman, and singular voice of the anti-colonial movements of the 20th century, Aim√© C√©saire continues to influence contemporary discussions of ethics and aesthetics, politics and history in this precariously postcolonial world. In an effort to contribute to C√©saire's living legacy, we have organized an online forum in which four pairs of scholars, from a variety of disciplines, offer reflections along four different critical paths","Poeta, estadista y voz singular de los movimientos anti-coloniales del siglo XX, Aim√© C√©saire contin√∫a influyendo discusiones contempor√°neas sobre la √©tica y la est√©tica, la pol√≠tica y la historia en nuestro mundo poscolonial precario. En un esfuerzo por contribuir al legado vivo de C√©saire, se organiz√≥ este foro en l√≠nea en el que cuatro pares de acad√©micos, de una variedad de disciplinas, ofrecieron reflejos a lo largo de cuatro caminos cr√≠ticos diferentes, junto al comentario del p√∫blico acad√©mico.",,,Alex Gil,@elotroalex,2020,,15,caridischo_item,wonders,/img/derivatives/simple/won2016/thumbnail.jpg,/img/derivatives/simple/won2016/fullwidth.jpg
won2017,The Afrolatin@ Project,,El Proyecto Afrolatin@,Cabinet of Wonders,Sui Generis,project,proyecto,https://afrolatinoproject.org/,open,Stable,en,"Amilcar Priestley, et al.",,"Our mission is to serve as a resource center and cultural advocate for documentation and preservation of cultures, histories, and experiences of Afrodescendant people in the Americas and the Caribbean.","Our mission is to serve as a resource center and cultural advocate for documentation and preservation of cultures, histories, and experiences of Afrodescendant people in the Americas and the Caribbean.","Nuestra misi√≥n es servir como centro de recursos y defensor cultural de la documentaci√≥n y la preservaci√≥n de las culturas, las historias y las experiencias de las personas afrodescendientes en las Am√©ricas y el Caribe.",,,,,2020,,16,caridischo_item,wonders,/img/derivatives/simple/won2017/thumbnail.jpg,/img/derivatives/simple/won2017/fullwidth.jpg
won2018,US Caribbean & Ethnic Florida Digital Newspaper Project,,Proyecto de peri√≥dicos digitales de los Estados Unidos caribe√±os y la Florida √©tnica,Cabinet of Wonders,Announcement,updates,noticias,http://ufndnp.domains.uflib.ufl.edu/,open,Active,"en,es","University of Florida, Melissa Jerome, Sarah &quot;Moxy&quot; Moczygemba ",University of Florida: Melissa Jerome,"The US Caribbean & Ethnic Florida Digital Newspaper Project is a collaborative project between the University of Florida George A. Smathers Libraries, the library system at the University of Puerto Rico‚ÄìRio Piedras, and the University of the Virgin Islands, as part of the state and territories‚Äô involvement in the National Digital Newspaper Program (NDNP). The NDNP, a partnership between the NEH and the Library of Congress, is a long-term effort to provide permanent, free access to historic newspapers published in the United States and its territories between 1690 and 1963.","The US Caribbean & Ethnic Florida Digital Newspaper Project is a collaborative project between the University of Florida George A. Smathers Libraries, the library system at the University of Puerto Rico‚ÄìRio Piedras, and the University of the Virgin Islands, as part of the state and territories‚Äô involvement in the National Digital Newspaper Program (NDNP). The NDNP, a partnership between the NEH and the Library of Congress, is a long-term effort to provide permanent, free access to historic newspapers published in the United States and its territories between 1690 and 1963.","El Proyecto de Peri√≥dicos Digitales del Caribe y √âtnicos de Florida de EE. UU. Es un proyecto de colaboraci√≥n entre las Bibliotecas George A. Smathers de la Universidad de Florida, el sistema de bibliotecas de la Universidad de Puerto Rico ‚Äì Rio Piedras y la Universidad de las Islas V√≠rgenes, como parte de la participaci√≥n del estado y los territorios en el Programa Nacional de Peri√≥dicos Digitales (NDNP). El NDNP, una asociaci√≥n entre NEH y la Biblioteca del Congreso, es un esfuerzo a largo plazo para proporcionar acceso permanente y gratuito a los peri√≥dicos hist√≥ricos publicados en los Estados Unidos y sus territorios entre 1690 y 1963.",cur2015,,Melissa Jerome,@mmespino20,2020,"over 150,000 pages of historic Puerto Rican newspapers (from 4 unique titles of historic significance) are currently available for viewing & text searching; More Puerto Rico content and content from Virgin Islands is being digitized and will be made avalable over the next year. ",17,caridischo_item,wonders,/img/derivatives/simple/won2018/thumbnail.jpg,/img/derivatives/simple/won2018/fullwidth.jpg
won2019,Unmapping the Caribbean: Cuban Santer√≠a,,Descartograf√≠a del Caribe: Santer√≠a Cubana,Cabinet of Wonders,Sui Generis,a multimedia exhibit,exposici√≥n multimedia,https://nyuds.maps.arcgis.com/apps/Cascade/index.html?appid=510f57634a2940e0abaca2be46207384,open,Stable,en,,NYU,"Cuban Santer√≠a is a hybrid religion drawing from the Catholic doctrine imposed by Spanish colonialists, and the Yoruba religions brought by enslaved Africans.","Cuban Santer√≠a is a hybrid religion drawing from the Catholic doctrine imposed by Spanish colonialists, and the Yoruba religions brought by enslaved Africans.","La santer√≠a cubana es una religi√≥n h√≠brida que se extrae de la doctrina cat√≥lica impuesta por los colonialistas espa√±oles, y las religiones Yoruba tra√≠das por esclavizados africanos.",,,Tao Leigh Goffe,@taoleighgoffe,2020,,18,caridischo_item,wonders,/img/derivatives/simple/won2019/thumbnail.jpg,/img/derivatives/simple/won2019/fullwidth.jpg
won2020,Valor y Cambio,Value and Exchange,,Cabinet of Wonders,Sui Generis,un proyecto,un proyecto,https://www.valorycambio.org,open,Stable,"en,es","Frances Negr√≥n-Muntaner, Sarabel Santos-Negr√≥n",,"Valor y Cambio is a story-telling, community-building, and solidarity economy project started by artist Frances Negr√≥n-Muntaner and collaborator visual artist Sarabel Santos Negr√≥n.","Valor y Cambio is a story-telling, community-building, and solidarity economy project started by artist Frances Negr√≥n-Muntaner and collaborator visual artist Sarabel Santos Negr√≥n.","Valor y Cambio es un proyecto de arte narrativo, participaci√≥n comunitaria y econom√≠a solidaria iniciado por las artistas Frances Negr√≥n-Muntaner y Sarabel Santos Negr√≥n. Iniciado en Puerto Rico en medio de la crisis econ√≥mica y actualmente en la ciudad de Nueva York, Valor y Cambio pretende generar una amplia conversaci√≥n sobre qu√© es una econom√≠a justa y c√≥mo fomentar el empoderamiento colectivo frente a pol√≠ticas de austeridad neoliberales a nivel local y nacional.",,,Roopika Risam,@roopikarisam,2020,,19,caridischo_item,wonders,/img/derivatives/simple/won2020/thumbnail.jpg,/img/derivatives/simple/won2020/fullwidth.jpg
won2021,AfroMix,,Mezcla Afro,Cabinet of Wonders,Sui Generis,portal,portal,https://www.afromix.org/,open,Active,en,,,"The Portal of African and Caribbean Cultures. News, music, arts and culture, society, travel, events.","The Portal of African and Caribbean Cultures. News, music, arts and culture, society, travel, events.","El portal de culturas africanas y caribe√±as. Noticias, m√∫sica, artes y cultura, sociedad, viajes, eventos.",,,,,2020,,20,caridischo_item,wonders,/img/derivatives/simple/won2021/thumbnail.jpg,/img/derivatives/simple/won2021/fullwidth.jpg
won2022,Protestitas,Little Protests,,Cabinet of Wonders,Bot,bot de poes√≠a,bot de poes√≠a,https://twitter.com/protestitas,open,Active,es,Leonardo Flores,,A Twitter Bot providing social commentary and activism related to Puerto Rico.,A Twitter Bot providing social commentary and activism related to Puerto Rico.,Un bot de Twitter proporcionando comentarios sociales y activismo relacionado con Puerto Rico.,,,Alex Gil,@elotroalex,2020,,21,caridischo_item,wonders,/img/derivatives/simple/won2022/thumbnail.jpg,/img/derivatives/simple/won2022/fullwidth.jpg
won2100,Caribe Fractal,Fractal Caribbean,,Cabinet of Wonders,Sui Generis,a virtual and in-person exhibit,una exhibici√≥n virtual y en persona,https://my.matterport.com/show/?m=8fD1TSFoph5,open,Active,en,Jose Arturo Ballester,,"Works exploring nature as a force of destruction, dispersal, and renewal in the Caribbean's ongoing dialogue with climate change and ties to diaspora.","Works exploring nature as a force of destruction, dispersal, and renewal in the Caribbean's ongoing dialogue with climate change and ties to diaspora.","Trabajos explorando la naturaleza como una fuerza de destrucci√≥n, dispersi√≥n y renovaci√≥n en el di√°logo continuo del Caribe con el cambio clim√°tico y las v√≠nculos con la di√°spora.",,,Alex Gil,@elotroalex,2021,,22,caridischo_item,wonders,/img/derivatives/simple/won2100/thumbnail.jpg,/img/derivatives/simple/won2100/fullwidth.jpg
